--------------------------------------------------------
--  File created - Wednesday-November-11-2015   
--------------------------------------------------------
--------------------------------------------------------
--  DDL for Table PRODUCTS
--------------------------------------------------------

  CREATE TABLE "TESTUSERDB"."PRODUCTS" 
   (	"PRODID" NUMBER(*,0), 
	"PRODNAME" VARCHAR2(100 BYTE), 
	"DESCRIPTION" VARCHAR2(500 BYTE), 
	"PRICE" FLOAT(126), 
	"IMAGE" VARCHAR2(50 BYTE)
   ) SEGMENT CREATION IMMEDIATE 
  PCTFREE 10 PCTUSED 40 INITRANS 1 MAXTRANS 255 NOCOMPRESS LOGGING
  STORAGE(INITIAL 65536 NEXT 1048576 MINEXTENTS 1 MAXEXTENTS 2147483645
  PCTINCREASE 0 FREELISTS 1 FREELIST GROUPS 1 BUFFER_POOL DEFAULT FLASH_CACHE DEFAULT CELL_FLASH_CACHE DEFAULT)
  TABLESPACE "USERS" ;
--------------------------------------------------------
--  DDL for Table SHOPPINGUSER
--------------------------------------------------------

  CREATE TABLE "TESTUSERDB"."SHOPPINGUSER" 
   (	"USERID" NUMBER(*,0), 
	"USERNAME" VARCHAR2(50 BYTE), 
	"USERPWD" VARCHAR2(50 BYTE), 
	"EMAIL" VARCHAR2(50 BYTE)
   ) SEGMENT CREATION IMMEDIATE 
  PCTFREE 10 PCTUSED 40 INITRANS 1 MAXTRANS 255 NOCOMPRESS LOGGING
  STORAGE(INITIAL 65536 NEXT 1048576 MINEXTENTS 1 MAXEXTENTS 2147483645
  PCTINCREASE 0 FREELISTS 1 FREELIST GROUPS 1 BUFFER_POOL DEFAULT FLASH_CACHE DEFAULT CELL_FLASH_CACHE DEFAULT)
  TABLESPACE "USERS" ;
--------------------------------------------------------
--  DDL for Table LINEITEM
--------------------------------------------------------

  CREATE TABLE "TESTUSERDB"."LINEITEM" 
   (	"PURCHASENO" NUMBER(*,0), 
	"PRODUCTNAME" VARCHAR2(100 BYTE), 
	"PRICE" FLOAT(126), 
	"IMAGE" VARCHAR2(50 BYTE), 
	"PRODUCTCOST" FLOAT(126), 
	"QUANTITY" NUMBER(*,0), 
	"PURCHASEDATE" DATE, 
	"USERID" NUMBER(*,0)
   ) SEGMENT CREATION IMMEDIATE 
  PCTFREE 10 PCTUSED 40 INITRANS 1 MAXTRANS 255 NOCOMPRESS LOGGING
  STORAGE(INITIAL 65536 NEXT 1048576 MINEXTENTS 1 MAXEXTENTS 2147483645
  PCTINCREASE 0 FREELISTS 1 FREELIST GROUPS 1 BUFFER_POOL DEFAULT FLASH_CACHE DEFAULT CELL_FLASH_CACHE DEFAULT)
  TABLESPACE "USERS" ;
REM INSERTING into TESTUSERDB.PRODUCTS
SET DEFINE OFF;
Insert into TESTUSERDB.PRODUCTS (PRODID,PRODNAME,DESCRIPTION,PRICE,IMAGE) values (1,'The Lost Codex','A masterwork of international suspense and an outstanding novel',14.21,'image1.jpg');
Insert into TESTUSERDB.PRODUCTS (PRODID,PRODNAME,DESCRIPTION,PRICE,IMAGE) values (2,'Do Unto Animals','A gift for animal lovers of all stripes',16.76,'image2.jpg');
Insert into TESTUSERDB.PRODUCTS (PRODID,PRODNAME,DESCRIPTION,PRICE,IMAGE) values (3,'Mother Gooses Pajama Party','Star light, star bright, come to story time tonight',13.35,'image3.jpg');
Insert into TESTUSERDB.PRODUCTS (PRODID,PRODNAME,DESCRIPTION,PRICE,IMAGE) values (4,'Nana in the City','The succinct text is paired with watercolor illustrations that capture all the vitality, energy, and beauty of the city',10.18,'image4.jpg');
Insert into TESTUSERDB.PRODUCTS (PRODID,PRODNAME,DESCRIPTION,PRICE,IMAGE) values (5,'2001: a Space Odyssey','Inspired what is perhaps the greatest science fiction film ever made',21.69,'image5.jpg');
Insert into TESTUSERDB.PRODUCTS (PRODID,PRODNAME,DESCRIPTION,PRICE,IMAGE) values (6,'A Canticle for Leibowitz','One of the most accomplished, powerful, and enduring classics of modern speculative fiction',10.96,'image6.jpg');
Insert into TESTUSERDB.PRODUCTS (PRODID,PRODNAME,DESCRIPTION,PRICE,IMAGE) values (7,'A Game of Thrones','One of those rare reading experiences that catch you up from the opening pages, won’t let you go until the end, and leave you yearning for more',11.25,'image7.jpg');
Insert into TESTUSERDB.PRODUCTS (PRODID,PRODNAME,DESCRIPTION,PRICE,IMAGE) values (8,'A Wrinkle in Time','A Wrinkle in Time is the winner of the 1963 Newbery Medal',5.89,'image8.jpg');
Insert into TESTUSERDB.PRODUCTS (PRODID,PRODNAME,DESCRIPTION,PRICE,IMAGE) values (9,'Altered Carbon','Takeshi Kovacs Novels',10.26,'image9.jpg');
Insert into TESTUSERDB.PRODUCTS (PRODID,PRODNAME,DESCRIPTION,PRICE,IMAGE) values (10,'American Gods','American Gods is Neil Gaiman best and most ambitious novel yet, a scary, strange, and hallucinogenic road-trip story wrapped around a deep examination of the American spirit',18.89,'image10.jpg');
REM INSERTING into TESTUSERDB.SHOPPINGUSER
SET DEFINE OFF;
Insert into TESTUSERDB.SHOPPINGUSER (USERID,USERNAME,USERPWD,EMAIL) values (4,'234','234','234@nyu.edu');
Insert into TESTUSERDB.SHOPPINGUSER (USERID,USERNAME,USERPWD,EMAIL) values (5,'333','333','333@nyu.edu');
Insert into TESTUSERDB.SHOPPINGUSER (USERID,USERNAME,USERPWD,EMAIL) values (6,'444','444','444@444.com');
Insert into TESTUSERDB.SHOPPINGUSER (USERID,USERNAME,USERPWD,EMAIL) values (7,'555','555',null);
Insert into TESTUSERDB.SHOPPINGUSER (USERID,USERNAME,USERPWD,EMAIL) values (8,'666','666',null);
Insert into TESTUSERDB.SHOPPINGUSER (USERID,USERNAME,USERPWD,EMAIL) values (9,null,null,null);
Insert into TESTUSERDB.SHOPPINGUSER (USERID,USERNAME,USERPWD,EMAIL) values (10,null,null,null);
Insert into TESTUSERDB.SHOPPINGUSER (USERID,USERNAME,USERPWD,EMAIL) values (11,'33','33',null);
Insert into TESTUSERDB.SHOPPINGUSER (USERID,USERNAME,USERPWD,EMAIL) values (12,'777','777',null);
Insert into TESTUSERDB.SHOPPINGUSER (USERID,USERNAME,USERPWD,EMAIL) values (13,'888','888',null);
Insert into TESTUSERDB.SHOPPINGUSER (USERID,USERNAME,USERPWD,EMAIL) values (14,'999','999',null);
Insert into TESTUSERDB.SHOPPINGUSER (USERID,USERNAME,USERPWD,EMAIL) values (15,'00','00',null);
Insert into TESTUSERDB.SHOPPINGUSER (USERID,USERNAME,USERPWD,EMAIL) values (16,'01','01',null);
Insert into TESTUSERDB.SHOPPINGUSER (USERID,USERNAME,USERPWD,EMAIL) values (17,'001','001',null);
Insert into TESTUSERDB.SHOPPINGUSER (USERID,USERNAME,USERPWD,EMAIL) values (18,'010','010',null);
Insert into TESTUSERDB.SHOPPINGUSER (USERID,USERNAME,USERPWD,EMAIL) values (2,'123','123','123@123.com');
Insert into TESTUSERDB.SHOPPINGUSER (USERID,USERNAME,USERPWD,EMAIL) values (3,'12','12','12@nyu.edu');
Insert into TESTUSERDB.SHOPPINGUSER (USERID,USERNAME,USERPWD,EMAIL) values (1,'lily','123','lily@123.com');
REM INSERTING into TESTUSERDB.LINEITEM
SET DEFINE OFF;
Insert into TESTUSERDB.LINEITEM (PURCHASENO,PRODUCTNAME,PRICE,IMAGE,PRODUCTCOST,QUANTITY,PURCHASEDATE,USERID) values (173,'A Game of Thrones',11.25,'image7.jpg',45,4,null,6);
Insert into TESTUSERDB.LINEITEM (PURCHASENO,PRODUCTNAME,PRICE,IMAGE,PRODUCTCOST,QUANTITY,PURCHASEDATE,USERID) values (166,'Do Unto Animals',16.76,'image2.jpg',469.28000000000003,28,null,2);
Insert into TESTUSERDB.LINEITEM (PURCHASENO,PRODUCTNAME,PRICE,IMAGE,PRODUCTCOST,QUANTITY,PURCHASEDATE,USERID) values (167,'Do Unto Animals',16.76,'image2.jpg',16.76,1,null,2);
Insert into TESTUSERDB.LINEITEM (PURCHASENO,PRODUCTNAME,PRICE,IMAGE,PRODUCTCOST,QUANTITY,PURCHASEDATE,USERID) values (222,'The Lost Codex',14.21,'image1.jpg',14.21,1,null,14);
Insert into TESTUSERDB.LINEITEM (PURCHASENO,PRODUCTNAME,PRICE,IMAGE,PRODUCTCOST,QUANTITY,PURCHASEDATE,USERID) values (195,'The Lost Codex',14.21,'image1.jpg',14.21,1,null,8);
Insert into TESTUSERDB.LINEITEM (PURCHASENO,PRODUCTNAME,PRICE,IMAGE,PRODUCTCOST,QUANTITY,PURCHASEDATE,USERID) values (174,'The Lost Codex',14.21,'image1.jpg',14.21,1,null,2);
Insert into TESTUSERDB.LINEITEM (PURCHASENO,PRODUCTNAME,PRICE,IMAGE,PRODUCTCOST,QUANTITY,PURCHASEDATE,USERID) values (258,'Nana in the City',10.18,'image4.jpg',50.9,5,null,5);
Insert into TESTUSERDB.LINEITEM (PURCHASENO,PRODUCTNAME,PRICE,IMAGE,PRODUCTCOST,QUANTITY,PURCHASEDATE,USERID) values (259,'2001: a Space Odyssey',21.69,'image5.jpg',65.07000000000001,3,null,5);
Insert into TESTUSERDB.LINEITEM (PURCHASENO,PRODUCTNAME,PRICE,IMAGE,PRODUCTCOST,QUANTITY,PURCHASEDATE,USERID) values (220,'Do Unto Animals',16.76,'image2.jpg',16.76,1,null,13);
Insert into TESTUSERDB.LINEITEM (PURCHASENO,PRODUCTNAME,PRICE,IMAGE,PRODUCTCOST,QUANTITY,PURCHASEDATE,USERID) values (217,'Do Unto Animals',16.76,'image2.jpg',83.80000000000001,5,null,12);
Insert into TESTUSERDB.LINEITEM (PURCHASENO,PRODUCTNAME,PRICE,IMAGE,PRODUCTCOST,QUANTITY,PURCHASEDATE,USERID) values (216,'The Lost Codex',14.21,'image1.jpg',42.63,3,null,12);
Insert into TESTUSERDB.LINEITEM (PURCHASENO,PRODUCTNAME,PRICE,IMAGE,PRODUCTCOST,QUANTITY,PURCHASEDATE,USERID) values (221,'Mother Gooses Pajama Party',13.35,'image3.jpg',66.75,5,null,13);
Insert into TESTUSERDB.LINEITEM (PURCHASENO,PRODUCTNAME,PRICE,IMAGE,PRODUCTCOST,QUANTITY,PURCHASEDATE,USERID) values (227,'Mother Gooses Pajama Party',13.35,'image3.jpg',53.4,4,null,15);
Insert into TESTUSERDB.LINEITEM (PURCHASENO,PRODUCTNAME,PRICE,IMAGE,PRODUCTCOST,QUANTITY,PURCHASEDATE,USERID) values (228,'A Canticle for Leibowitz',10.96,'image6.jpg',32.88,3,null,16);
Insert into TESTUSERDB.LINEITEM (PURCHASENO,PRODUCTNAME,PRICE,IMAGE,PRODUCTCOST,QUANTITY,PURCHASEDATE,USERID) values (229,'A Game of Thrones',11.25,'image7.jpg',33.75,3,null,16);
Insert into TESTUSERDB.LINEITEM (PURCHASENO,PRODUCTNAME,PRICE,IMAGE,PRODUCTCOST,QUANTITY,PURCHASEDATE,USERID) values (226,'Do Unto Animals',16.76,'image2.jpg',16.76,1,null,15);
Insert into TESTUSERDB.LINEITEM (PURCHASENO,PRODUCTNAME,PRICE,IMAGE,PRODUCTCOST,QUANTITY,PURCHASEDATE,USERID) values (256,'Do Unto Animals',16.76,'image2.jpg',50.28,3,null,5);
Insert into TESTUSERDB.LINEITEM (PURCHASENO,PRODUCTNAME,PRICE,IMAGE,PRODUCTCOST,QUANTITY,PURCHASEDATE,USERID) values (238,'Do Unto Animals',16.76,'image2.jpg',16.76,1,null,17);
Insert into TESTUSERDB.LINEITEM (PURCHASENO,PRODUCTNAME,PRICE,IMAGE,PRODUCTCOST,QUANTITY,PURCHASEDATE,USERID) values (241,'The Lost Codex',14.21,'image1.jpg',14.21,1,null,18);
Insert into TESTUSERDB.LINEITEM (PURCHASENO,PRODUCTNAME,PRICE,IMAGE,PRODUCTCOST,QUANTITY,PURCHASEDATE,USERID) values (243,'Do Unto Animals',16.76,'image2.jpg',16.76,1,null,18);
Insert into TESTUSERDB.LINEITEM (PURCHASENO,PRODUCTNAME,PRICE,IMAGE,PRODUCTCOST,QUANTITY,PURCHASEDATE,USERID) values (242,'Do Unto Animals',16.76,'image2.jpg',16.76,1,null,18);
Insert into TESTUSERDB.LINEITEM (PURCHASENO,PRODUCTNAME,PRICE,IMAGE,PRODUCTCOST,QUANTITY,PURCHASEDATE,USERID) values (184,'The Lost Codex',14.21,'image1.jpg',71.05000000000001,5,null,7);
--------------------------------------------------------
--  DDL for Index SYS_C007602
--------------------------------------------------------

  CREATE UNIQUE INDEX "TESTUSERDB"."SYS_C007602" ON "TESTUSERDB"."PRODUCTS" ("PRODID") 
  PCTFREE 10 INITRANS 2 MAXTRANS 255 COMPUTE STATISTICS 
  STORAGE(INITIAL 65536 NEXT 1048576 MINEXTENTS 1 MAXEXTENTS 2147483645
  PCTINCREASE 0 FREELISTS 1 FREELIST GROUPS 1 BUFFER_POOL DEFAULT FLASH_CACHE DEFAULT CELL_FLASH_CACHE DEFAULT)
  TABLESPACE "USERS" ;
--------------------------------------------------------
--  DDL for Index SYS_C007674
--------------------------------------------------------

  CREATE UNIQUE INDEX "TESTUSERDB"."SYS_C007674" ON "TESTUSERDB"."SHOPPINGUSER" ("USERID") 
  PCTFREE 10 INITRANS 2 MAXTRANS 255 COMPUTE STATISTICS 
  STORAGE(INITIAL 65536 NEXT 1048576 MINEXTENTS 1 MAXEXTENTS 2147483645
  PCTINCREASE 0 FREELISTS 1 FREELIST GROUPS 1 BUFFER_POOL DEFAULT FLASH_CACHE DEFAULT CELL_FLASH_CACHE DEFAULT)
  TABLESPACE "USERS" ;
--------------------------------------------------------
--  DDL for Index SYS_C007614
--------------------------------------------------------

  CREATE UNIQUE INDEX "TESTUSERDB"."SYS_C007614" ON "TESTUSERDB"."LINEITEM" ("PURCHASENO") 
  PCTFREE 10 INITRANS 2 MAXTRANS 255 COMPUTE STATISTICS 
  STORAGE(INITIAL 65536 NEXT 1048576 MINEXTENTS 1 MAXEXTENTS 2147483645
  PCTINCREASE 0 FREELISTS 1 FREELIST GROUPS 1 BUFFER_POOL DEFAULT FLASH_CACHE DEFAULT CELL_FLASH_CACHE DEFAULT)
  TABLESPACE "USERS" ;
--------------------------------------------------------
--  Constraints for Table PRODUCTS
--------------------------------------------------------

  ALTER TABLE "TESTUSERDB"."PRODUCTS" ADD PRIMARY KEY ("PRODID")
  USING INDEX PCTFREE 10 INITRANS 2 MAXTRANS 255 COMPUTE STATISTICS 
  STORAGE(INITIAL 65536 NEXT 1048576 MINEXTENTS 1 MAXEXTENTS 2147483645
  PCTINCREASE 0 FREELISTS 1 FREELIST GROUPS 1 BUFFER_POOL DEFAULT FLASH_CACHE DEFAULT CELL_FLASH_CACHE DEFAULT)
  TABLESPACE "USERS"  ENABLE;
--------------------------------------------------------
--  Constraints for Table SHOPPINGUSER
--------------------------------------------------------

  ALTER TABLE "TESTUSERDB"."SHOPPINGUSER" ADD PRIMARY KEY ("USERID")
  USING INDEX PCTFREE 10 INITRANS 2 MAXTRANS 255 COMPUTE STATISTICS 
  STORAGE(INITIAL 65536 NEXT 1048576 MINEXTENTS 1 MAXEXTENTS 2147483645
  PCTINCREASE 0 FREELISTS 1 FREELIST GROUPS 1 BUFFER_POOL DEFAULT FLASH_CACHE DEFAULT CELL_FLASH_CACHE DEFAULT)
  TABLESPACE "USERS"  ENABLE;
--------------------------------------------------------
--  Constraints for Table LINEITEM
--------------------------------------------------------

  ALTER TABLE "TESTUSERDB"."LINEITEM" ADD PRIMARY KEY ("PURCHASENO")
  USING INDEX PCTFREE 10 INITRANS 2 MAXTRANS 255 COMPUTE STATISTICS 
  STORAGE(INITIAL 65536 NEXT 1048576 MINEXTENTS 1 MAXEXTENTS 2147483645
  PCTINCREASE 0 FREELISTS 1 FREELIST GROUPS 1 BUFFER_POOL DEFAULT FLASH_CACHE DEFAULT CELL_FLASH_CACHE DEFAULT)
  TABLESPACE "USERS"  ENABLE;
